<?xml version="1.0" encoding="UTF-8"?>
<metadata xml:lang="en"><Esri><CreaDate>20180824</CreaDate><CreaTime>11015400</CreaTime><ArcGISFormat>1.0</ArcGISFormat><SyncOnce>TRUE</SyncOnce><DataProperties><itemProps><itemLocation><linkage Sync="TRUE">file://\\SUPERSTORM\Model_Results\2015-0136_UMASS_Boston_NOAA_COCA\Adaptation_SHPs\Polygon_areas</linkage><protocol Sync="TRUE">Local Area Network</protocol></itemLocation></itemProps><copyHistory><copy source="X:\2015-0136_UMASS_Boston_NOAA_COCA\Polygon_areas" dest="\\SUPERSTORM\Model_Results\2015-0136_UMASS_Boston_NOAA_COCA\Adaptation_SHPs\Polygon_areas" date="20180824" time="11015400"></copy></copyHistory></DataProperties></Esri></metadata>
